{
  "Ansi 7 Color (Light)" : {
    "Red Component" : 0.67450980392156867,
    "Color Space" : "sRGB",
    "Blue Component" : 0.74509803921568629,
    "Alpha Component" : 1,
    "Green Component" : 0.69019607843137254
  },
  "Brighten Bold Text (Light)" : true,
  "Ansi 15 Color (Light)" : {
    "Red Component" : 0.73725490196078436,
    "Color Space" : "sRGB",
    "Blue Component" : 0.80000000000000004,
    "Alpha Component" : 1,
    "Green Component" : 0.75294117647058822
  },
  "Ansi 2 Color (Light)" : {
    "Red Component" : 0.25098039215686274,
    "Color Space" : "sRGB",
    "Blue Component" : 0.16862745098039217,
    "Alpha Component" : 1,
    "Green Component" : 0.62745098039215685
  },
  "Bold Color" : {
    "Green Component" : 1,
    "Blue Component" : 1,
    "Red Component" : 1
  },
  "Ansi 1 Color (Dark)" : {
    "Red Component" : 0.66666666666666663,
    "Color Space" : "sRGB",
    "Blue Component" : 0.13333333333333333,
    "Green Component" : 0.066666666666666666
  },
  "Use Bright Bold" : true,
  "Ansi 9 Color (Light)" : {
    "Red Component" : 0.87058823529411766,
    "Color Space" : "sRGB",
    "Blue Component" : 0.24313725490196078,
    "Alpha Component" : 1,
    "Green Component" : 0.16078431372549021
  },
  "Ansi 8 Color (Dark)" : {
    "Red Component" : 0.33333333333333331,
    "Color Space" : "sRGB",
    "Blue Component" : 0.46666666666666667,
    "Green Component" : 0.40000000000000002
  },
  "Use Bright Bold (Dark)" : true,
  "Background Color" : {
    "Green Component" : 0,
    "Blue Component" : 0,
    "Red Component" : 0
  },
  "Ansi 8 Color" : {
    "Green Component" : 0.3333333432674408,
    "Blue Component" : 0.3333333432674408,
    "Red Component" : 0.3333333432674408
  },
  "Columns" : 80,
  "Right Option Key Sends" : 0,
  "Ansi 4 Color (Light)" : {
    "Red Component" : 0.11764705882352941,
    "Color Space" : "sRGB",
    "Blue Component" : 0.96078431372549022,
    "Alpha Component" : 1,
    "Green Component" : 0.40000000000000002
  },
  "Blinking Cursor" : false,
  "Selected Text Color (Light)" : {
    "Red Component" : 0.29803921568627451,
    "Color Space" : "sRGB",
    "Blue Component" : 0.41176470588235292,
    "Alpha Component" : 1,
    "Green Component" : 0.30980392156862746
  },
  "Selected Text Color (Dark)" : {
    "Red Component" : 0.8666666666666667,
    "Color Space" : "sRGB",
    "Blue Component" : 1,
    "Green Component" : 0.93333333333333335
  },
  "Ansi 3 Color (Dark)" : {
    "Red Component" : 0.80000000000000004,
    "Color Space" : "sRGB",
    "Blue Component" : 0.13333333333333333,
    "Green Component" : 0.66666666666666663
  },
  "Keyboard Map" : {

  },
  "Visual Bell" : true,
  "Cursor Text Color" : {
    "Green Component" : 1,
    "Blue Component" : 1,
    "Red Component" : 1
  },
  "Scrollback Lines" : 1000,
  "Selection Color (Light)" : {
    "Red Component" : 0.67450980392156867,
    "Color Space" : "sRGB",
    "Blue Component" : 0.74509803921568629,
    "Alpha Component" : 1,
    "Green Component" : 0.69019607843137254
  },
  "Ansi 0 Color" : {
    "Green Component" : 0,
    "Blue Component" : 0,
    "Red Component" : 0
  },
  "Match Background Color (Dark)" : {
    "Red Component" : 0.99697142839431763,
    "Color Space" : "P3",
    "Blue Component" : 0.32116127014160156,
    "Alpha Component" : 1,
    "Green Component" : 0.98600882291793823
  },
  "Ansi 11 Color (Light)" : {
    "Red Component" : 0.93333333333333335,
    "Color Space" : "sRGB",
    "Blue Component" : 0.17647058823529413,
    "Alpha Component" : 1,
    "Green Component" : 0.62745098039215685
  },
  "Ansi 5 Color (Dark)" : {
    "Red Component" : 0.46666666666666667,
    "Color Space" : "sRGB",
    "Blue Component" : 0.66666666666666663,
    "Green Component" : 0.33333333333333331
  },
  "Cursor Text Color (Light)" : {
    "Red Component" : 0.93725490196078431,
    "Color Space" : "sRGB",
    "Blue Component" : 0.96078431372549022,
    "Alpha Component" : 1,
    "Green Component" : 0.94509803921568625
  },
  "Silence Bell" : false,
  "Rows" : 25,
  "Guid" : "35BBBCE9-734E-4446-8DFA-8F0599727F75",
  "Ansi 14 Color (Dark)" : {
    "Red Component" : 0.20000000000000001,
    "Color Space" : "sRGB",
    "Blue Component" : 1,
    "Green Component" : 0.8666666666666667
  },
  "Use Cursor Guide (Dark)" : false,
  "Ansi 15 Color (Dark)" : {
    "Red Component" : 0.73333333333333328,
    "Color Space" : "sRGB",
    "Blue Component" : 0.8666666666666667,
    "Green Component" : 0.80000000000000004
  },
  "Ansi 0 Color (Dark)" : {
    "Red Component" : 0.13333333333333333,
    "Color Space" : "sRGB",
    "Blue Component" : 0.26666666666666666,
    "Green Component" : 0.20000000000000001
  },
  "Ambiguous Double Width" : false,
  "Option Key Sends" : 0,
  "Ansi 3 Color" : {
    "Green Component" : 0.73333334922790527,
    "Blue Component" : 0,
    "Red Component" : 0.73333334922790527
  },
  "Window Type" : 0,
  "Smart Cursor Color (Dark)" : false,
  "BM Growl" : true,
  "Prompt Before Closing 2" : false,
  "Command" : "",
  "Smart Cursor Color (Light)" : false,
  "Use Bright Bold (Light)" : true,
  "Use Selected Text Color (Light)" : true,
  "Selected Text Color" : {
    "Green Component" : 0,
    "Blue Component" : 0,
    "Red Component" : 0
  },
  "Ansi 14 Color (Light)" : {
    "Red Component" : 0.17647058823529413,
    "Color Space" : "sRGB",
    "Blue Component" : 0.6588235294117647,
    "Alpha Component" : 1,
    "Green Component" : 0.62352941176470589
  },
  "Cursor Guide Color (Dark)" : {
    "Red Component" : 0.74862593412399292,
    "Color Space" : "P3",
    "Blue Component" : 0.99125725030899048,
    "Alpha Component" : 0.25,
    "Green Component" : 0.92047786712646484
  },
  "Send Code When Idle" : false,
  "Ansi 6 Color" : {
    "Green Component" : 0.73333334922790527,
    "Blue Component" : 0.73333334922790527,
    "Red Component" : 0
  },
  "Jobs to Ignore" : [
    "rlogin",
    "ssh",
    "slogin",
    "telnet"
  ],
  "Badge Color (Dark)" : {
    "Red Component" : 0.92929404973983765,
    "Color Space" : "P3",
    "Blue Component" : 0.13960540294647217,
    "Alpha Component" : 0.5,
    "Green Component" : 0.25479039549827576
  },
  "Use Underline Color (Light)" : false,
  "Cursor Color" : {
    "Green Component" : 0.73333334922790527,
    "Blue Component" : 0.73333334922790527,
    "Red Component" : 0.73333334922790527
  },
  "Vertical Spacing" : 1,
  "Minimum Contrast (Light)" : 0,
  "Disable Window Resizing" : true,
  "Use Selected Text Color (Dark)" : true,
  "Close Sessions On End" : true,
  "Selection Color (Dark)" : {
    "Red Component" : 0.027450980392156862,
    "Color Space" : "sRGB",
    "Blue Component" : 0.090196078431372548,
    "Green Component" : 0.074509803921568626
  },
  "Default Bookmark" : "No",
  "Minimum Contrast (Dark)" : 0,
  "Custom Command" : "No",
  "Foreground Color (Light)" : {
    "Red Component" : 0.29803921568627451,
    "Color Space" : "sRGB",
    "Blue Component" : 0.41176470588235292,
    "Alpha Component" : 1,
    "Green Component" : 0.30980392156862746
  },
  "Ansi 9 Color" : {
    "Green Component" : 0.3333333432674408,
    "Blue Component" : 0.3333333432674408,
    "Red Component" : 1
  },
  "Background Color (Dark)" : {
    "Red Component" : 0.027450980392156862,
    "Color Space" : "sRGB",
    "Blue Component" : 0.090196078431372548,
    "Green Component" : 0.074509803921568626
  },
  "Ansi 14 Color" : {
    "Green Component" : 1,
    "Blue Component" : 1,
    "Red Component" : 0.3333333432674408
  },
  "Flashing Bell" : false,
  "Use Italic Font" : true,
  "Ansi 13 Color (Dark)" : {
    "Red Component" : 0.66666666666666663,
    "Color Space" : "sRGB",
    "Blue Component" : 1,
    "Green Component" : 0.46666666666666667
  },
  "Cursor Guide Color (Light)" : {
    "Red Component" : 0.29803921568627451,
    "Color Space" : "sRGB",
    "Blue Component" : 0.41176470588235292,
    "Alpha Component" : 0.070000000000000007,
    "Green Component" : 0.30980392156862746
  },